Lock Address,Wait Time (us),Hold Time (us),Enter Count,Count
31e63fb14178,58697470.25,94095776.12,10344293,145322
31e63f865c88,48209006.96,79051609.4,10343631,96237
31e63fb11b80,46648416.89,66432918.91,10344302,93207
31e63f8d2898,102687120.39,105589564.62,20688322,48707
31e63fceb730,130801136.67,132021589.43,20687407,36943
31e63fc25948,37515835.33,57157065.03,10343746,18207
31e63f600708,37352652.97,64345361.65,10343596,7802
31e63faba550,982400.51,216719.17,7835,719,Global lock(unlock)
31e63faba598,745405.5,183841.8,7314,542,Global lock(unlock)
31e6249ca6d8,32915.37,43038.33,5699,491,WiredTigerIdIndex::_insert
31e6357f2a68,53119.94,66104.7,8948,475,WiredTigerIdIndex::_insert
31e61cdcef28,143430.69,271733.17,38655,444,WiredTigerRecordStore::_insertRecords
31e62b18f8a8,165550.09,282714.35,39851,370,WiredTigerRecordStore::_insertRecords
31e63fabae08,370800.0,192191.44,6837,352,DB lock(unlock)
31e62b18fc38,161794.79,281452.15,39648,352,WiredTigerRecordStore::_insertRecords
31e6249cb8a8,143432.02,272536.82,38578,318,WiredTigerRecordStore::_insertRecords
31e6357f3b08,153639.27,273395.26,39348,307,WiredTigerRecordStore::_insertRecords
31e615346b98,163368.18,281101.24,39786,288,WiredTigerRecordStore::_insertRecords
31e63fabae50,359624.51,168453.63,6687,281,WiredTigerRecordStore::_insertRecords
31e61cdcf9d8,330285.01,562948.24,79905,260,WiredTigerRecordStore::_insertRecords
31e6249cb648,32923.36,67670.39,8908,259
31e6249ca218,7665.08,17433.91,2309,250
31e61cdcecc8,204894.71,284670.83,39812,247
31e62b18fb08,154492.3,273823.14,39459,246
31e61cdcfb08,18823.9,42609.67,5797,236
31e6357f2b98,143109.8,273180.68,38591,234
31e63f9c6478,277937.97,277699.45,39500,232
31e62b18e348,64956.51,86812.9,11912,230
31e63fabb630,186631.49,176194.49,6522,212
31e61cdcfc38,165086.4,282220.5,39725,199
31e6249ca5a8,153741.47,273984.47,39530,197
31e6153465a8,32363.07,68606.1,8901,189
31e63faba5e0,167825.84,189568.06,6581,174
31e6249ca0e8,37648.9,67556.68,9791,166
31e62b18f2b8,3401.46,7128.37,959,162
31e6357f3d68,143860.37,270687.29,38735,160
31e6357f3648,136178.76,260803.4,37458,150
31e6249ca478,159094.6,280799.56,39610,130
31e62b18fd68,154402.63,278155.72,39421,123
31e6357f3778,206428.86,273599.09,38768,122
31e615346808,153597.72,277991.66,38934,105, WiredTigerRecordStore::_insertRecords
31e61cdcfe98,92178.65,152692.84,20205,101, WiredTigerIdIndex::_insert
31e63978fb28,56697205.81,112882309.55,16146846,90
31e62b18f778,20745.68,43974.61,5985,88
31e639790d28,64648503.44,132152583.42,19656812,84
31e6394f9628,64921772.32,132103805.93,19509176,84,isCollectionLockedForMode
31e639791628,62619541.27,128647163.17,19120416,80,WiredTigerIndex::insert
31e6395cdb28,65002276.13,130928460.9,19133312,79,WiredTigerIndex::insert
31e6357f2218,29146.45,66036.19,8959,78,WiredTigerIdIndex::_insert
31e63978f228,64848855.87,132362679.13,19583020,77,mongo::WiredTigerIndex::insert
31e63faba8b0,91362.65,165353.19,6411,76, isCollectionLockedForMode
31e63fabb828,87624.8,190900.87,6425,74, DBlock
31e6395cc928,66028328.47,132593334.11,19053235,68,mongo::Locker::isCollectionLockedForMode
31e6395cd228,64588976.62,132416182.46,19734248,67
31e639790428,50989986.34,102572708.85,15077438,65
31e6395cc028,46823841.67,95780244.9,14314580,61
31e6357f3e98,284496.68,273656.84,38467,58
31e6394f6028,65110764.3,132672601.86,19508865,58
31e6394f6928,65085802.19,132342470.09,19395035,58
31e6394f7b28,49101049.71,98779291.24,14204717,58
31e6394f8428,39123012.36,79918371.85,11763948,53
31e63fc3cc00,8941630.24,19950369.0,2587710,51
31e63fc3d1a0,9091919.15,19956257.75,2587721,48
31e63bfa0110,36711.33,99452.38,10343,48
31e6249cb778,143090.2,274629.7,38635,48
31e63fc3d1e8,9091891.23,19974425.94,2588046,46
31e63fc3cc90,9057942.11,19938972.85,2587757,46
31e63fc3cff0,8924646.78,19924949.84,2587816,46
31e63fc3d080,9032107.15,19951090.11,2587722,45
31e63fc3ca98,9043733.99,19968700.89,2587427,45
31e63fc3cf18,9098437.98,19936120.34,2587768,43
31e63fc3d110,9094717.84,19927889.02,2587879,43
31e63fc3ced0,9063435.96,19927172.88,2587520,42
31e63fc3cdb0,8989366.87,19918623.32,2587578,42
31e63fc3d158,9105757.41,19934793.11,2587759,41
31e63fc3cfa8,9072291.71,19944365.3,2587647,40
31e63fc3cf60,9066412.13,19977142.0,2587865,40
31e63fc3cb70,8978495.38,19974562.91,2587772,40
31e63fc3ca08,8745896.72,19994664.24,2587830,40
31e63fc3ccd8,9063799.98,19975854.67,2587951,39
31e63fc3d0c8,9061372.32,19932689.95,2587906,38
31e63fc3d038,8946774.05,19936046.92,2587657,38
31e63fc3d2c0,8967077.03,19922087.42,2587587,38
31e63fc3cd20,9066302.47,19962347.05,2588041,37
31e6394f8d28,26678423.96,54332832.57,8093652,37
31e6394f7228,25345971.54,51622299.57,7448007,36
31e63fc3cbb8,8949840.64,19902611.56,2587607,35
31e63fc3cc48,8974406.27,19924533.04,2587633,35
31e63fc3ce88,8998608.86,19962288.19,2587499,34
31e63fc3cae0,9044177.48,19969898.64,2587605,33
31e63fc3cd68,9057357.26,19931923.1,2587905,33
31e63fc3ce40,8973893.09,19916743.37,2587966,33
31e63fc3cb28,9058741.88,19965323.58,2587880,32
31e63fc3cdf8,8990391.72,19930115.68,2587662,32
31e63fc3ca50,9008340.54,19960146.3,2587791,31
31e63fc3d278,8979363.96,19906936.96,2587969,29
31e63fabb870,52247.33,165011.73,6321,29
31e63fc3d230,9069329.22,19946498.66,2587832,28
31e63f91fc00,13174738.6,24237558.41,3811160,25
31e63f91f4b0,13014926.07,24117730.18,3879328,23
31e63fabc0e0,50700.53,191293.0,6356,23,DBlock
31e63f91f240,12911597.17,24033342.22,3931929,21,mongo::Client::lock()
31e63f91f8c0,12899540.16,24235890.48,3909518,20, mongo::ClientLock::ClientLock
31e63f91fa60,12976294.06,24072125.38,3902001,20
31e6153460e8,151328.52,273560.62,37933,19
31e63f91f580,13001086.7,24277938.14,3869161,18
31e63f91efd0,12966158.87,24072820.84,3916178,17
31e61cdcf3e8,133932.27,270169.23,37842,17
31e63f91f3e0,13014379.22,24114382.53,3901625,17
31e6249cadf8,11724.35,25035.08,3389,17
31e63f91f170,13092184.07,23939479.73,3840754,16
31e62b18e808,102797.01,210972.7,29891,16
31e63f91f990,12933887.64,23985423.63,3844365,16
31e63f91fb30,12874476.11,23924229.99,3939325,16
31e63f97c3a0,12872970.16,23960385.01,3947036,16
31e63f97c470,12954382.13,24146994.45,3826668,15
31e63f91f650,13135872.36,24140141.57,3812707,13
31e63f91f0a0,13323331.12,24218153.04,3800323,12
31e63f91f310,12871728.23,24209244.11,3934118,12
31e6357f26d8,143996.69,270254.16,37834,10, WiredTigerRecordStore::_insertRecords
31e63f8a7818,2454.71,9600.77,454,5
31e62b18f518,106713.73,205147.77,26320,1
31e62b18e938,125911.02,151198.72,20251,1
31e63f928750,2166441.1,3342365.29,652687,0
31e63995fb78,3990813.11,6994212.92,1212470,0
31e63f9179c8,1990050.48,3664213.85,606354,0
31e6397be378,308954.5,538849.63,92878,0
31e63f9176c8,153951.89,282607.22,46441,0
31e63f9c6348,22290.34,49608.52,6768,0
31e63fb14f28,33967.92,171072.64,10101,0
31e6249ca348,41977.16,90542.53,12397,0
31e63fb14e48,834.2,1691.49,244,0
6323c173f400,860.98,1596.6,244,0
31e63fabd0b8,463.91,14118.54,135,0
31e6357f32b8,67990.63,135308.7,18525,0
31e63f8a77f0,178.75,22408.39,51,0
31e61cdce6d8,19275.59,43588.87,5827,0
31e63f9287f0,2242298.75,3383333.81,633370,0
31e6397bfb78,4423086.27,7624068.1,1266888,0
31e63f917b48,717552.38,1300847.86,207133,0
31e6153466d8,39244.24,67747.03,8992,0
31e61cdcedf8,36213.89,68832.1,9079,0
31e63f928890,2183610.78,3369725.7,640397,0
31e63946d378,3383380.01,5869311.99,1005186,0
31e63f95e048,1685404.76,3069708.99,502605,0
31e62b18ea68,69986.8,153951.98,20328,0
31e63f90bab0,2157754.7,3334043.85,655286,0
31e63946eb78,4283438.15,7589801.85,1310571,0
31e63f95e4c8,2135551.31,3903944.7,655441,0
31e61cdce808,20780.76,46202.23,6338,0
31e6249ca808,20116.21,44730.17,6108,0
31e63f928930,2154521.72,3401635.45,655668,0
31e639470378,4145234.55,7330104.64,1274722,0
31e63f95e948,2066127.12,3912771.96,637377,0
31e63f928b10,2170390.54,3381524.67,650295,0
31e639471b78,4318809.91,7626478.85,1300751,0
31e63f95edc8,2156405.5,3989667.65,650287,0
31e63f994750,2171999.64,3357524.01,646494,0
31e6395eb378,4312539.48,7571596.91,1293190,0
31e63f95f248,2154514.4,3964566.77,646508,0
31e63f928ed0,2169389.72,3359581.57,644716,0
31e63f95f848,842159.71,1547104.23,248279,0
31e639388b78,1682249.47,2957475.34,496544,0
31e63fabd1a0,12.52,32.36,4,0
31e63bfa00d0,3.78,73.46,1,0
31e63f929290,2191641.41,3400838.88,635468,0
31e63f95fcc8,1632204.2,2968290.13,473512,0
31e6393f1378,3260713.01,5697591.09,947000,0
31e6393f5b78,4275998.41,7540821.31,1303046,0
31e63f929470,1970954.99,3141373.24,594883,0
31e63f9741c8,1292071.21,2381519.67,392150,0
31e63f929830,2161474.82,3411692.93,640728,0
31e638ac8378,3855931.13,6785056.82,1154797,0
31e63f974648,880624.07,1615197.2,269802,0
31e63f929ab0,2167334.55,3355956.56,650412,0
31e638ac9b78,4306069.83,7602726.29,1300626,0
31e63f974948,2146350.46,3947349.14,650172,0
31e63f929b50,2143749.96,3358826.93,656350,0
31e6395c7378,3105742.63,5480347.52,954325,0
31e63f974f48,1546594.55,2856492.62,477174,0
31e63f929dd0,2208392.9,3392282.24,635085,0
31e6388cdb78,4382838.69,7624838.74,1270427,0
31e63f975248,626873.39,1154124.3,184410,0
31e63f929e70,2150217.11,3307584.81,657900,0
31e638939378,4274134.38,7488124.47,1315639,0
31e63f975848,2132710.62,3949085.77,657717,0
31e63f994110,2159649.56,3359904.08,637608,0
31e6392ef378,4306760.08,7552981.6,1275770,0
31e63f975b48,459070.18,848851.17,141179,0
31e62b18ef28,166324.68,292677.74,40075,0
31e62b18f058,136483.99,279129.21,37660,0
31e62b18edf8,135068.5,259937.11,37657,0
31e62b18ecc8,113069.48,161802.64,22245,0
31e63f9c7188,105249.83,122798.74,17813,0
