Lock Address,Count
300a7fb14178,67892
300a7f8fb798,37511
300a7fa8f2b0,29326
300a7fb11b80,25250
5faf6a8,22531
300a7fc25948,19474
6e36190,13553
300a7f8640c8,7469
579bf90,6664
300a7f608708,5754
6705f90,4692
5b983c0bf9e8,3304
54e8680,2047
300a7f8eee88,2019
5b983c0bc6c0,1975
300a7f87fd08,1805
757b0c0021a0,1745
300a7faf8550,1716
70c20bb66210,1611
5b983c0be7e8,1574
7365f90,1526
5920303e93d0,1515
5b983c0be9e8,1512
300a7faf8598,1406
793cc639f210,993
7197190,867
6e35e48,758
761f7d9ac964,708
300a57c2ea68,693
60d4190,649
761f7d784944,612
300a7fc3c768,577
300a7fc3c0a8,577
300a7fc3c5b8,572
300a7fc3c7b0,570
300a7fc3c0f0,568
300a7fc3c018,567
300a7fc3c180,565
300a7fc3c1c8,563
300a7fc3c720,563
300a7fc3c570,553
300a7fc3c060,551
300a7fc3c258,551
300a7fc3c4e0,550
300a7fc3c648,548
300a7fc3c600,548
300a7fc3c330,545
300a7f879818,544
300a7fc3c138,543
300a7fc3c528,540
300a7fc3c840,533
300a7fc3bf88,531
300a7fc3c2e8,528
300a7fc3c690,519
300a7fc3c210,517
300a7fc3bfd0,516
300a7fc3c3c0,512
300a7fc3c450,511
300a7fc3c378,510
300a7fc3c6d8,509
300a7fc3c498,504
595f743e5878,504
6b94d70,502
300a7fc3c2a0,499
583ffeff04e8,494
300a7fc3c7f8,494
300a7fc3c408,487
583ffefe0090,426
595f743d5420,417
7b0aa85a1100,412
730a015a1100,392
79375e56d020,370
6de0c60,321
6556898,320
789f438,319
662c050,301
63d5408,293
54e87a8,269
6205d78,267
300a9deb0938,267
6e363d8,261
300a7f8eea08,253
64b5058,242
300a598ebc38,232
6705c48,226
300a7faf9870,221
607ec60,218
300a598eb648,215
77dbed8,208
300a7faf9510,207
780d038,185
7812fc8,182
6d002c8,180
300a776ecdf8,175
747f557a9210,172
300a7979cd28,164
64da118,161
300a776eccc8,155
60d3e48,155
300a7faf9ee8,154
61af7e8,151
300a598ebb08,151
77daa88,147
300a7faf87d8,147
300a78be4428,147
300a781fb228,144
300a78be2928,141
300a781fcd28,141
6150348,140
300a79594428,139
300a785fcd28,138
300a79594d28,138
300a7faf9828,137
6aae6f8,136
300a787ad228,135
300a7fafa440,134
300a7865e928,133
300a785fbb28,133
300a9deb0cc8,132
300a7979bb28,132
300a7fafa050,132
300a7faf9048,132
300a781fbb28,131
300a4932a808,131
300a78be3b28,131
300a79592928,130
300a7979b228,130
300a785fb228,129
300a78be4d28,128
300a781fc428,127
754144acd210,127
300a7fafa878,125
300a7979c428,125
300a785fa028,124
64d9ac8,123
300a57c2edf8,121
300a781fa928,121
300a49090a68,121
300a785fa928,121
300a781fa028,121
300a78be2028,119
300a79593228,117
7fc43f8,113
7196e48,112
300a79593b28,112
300a79592028,112
300a785fc428,111
70c20536a8f8,111
300a78be3228,109
300a5fe4d9d8,107
595f740a1e14,107
300a5fe4d8a8,100
70c20a3fc8f8,99
300a7faf9480,98
c000100148,96
62555e8,94
300a9deb0a68,93
70c2047448f8,91
67061d8,91
5840014654a8,90
5746aa0,89
300a78be5628,88
300a785fd628,87
300a7faf9a68,86
7310aa0,85
595f75f736a8,85
300a7faf8af0,84
300a7faf8748,83
60d92a8,82
6563cd8,79
579bc48,78
766acf8,77
736b0f8,76
64b3018,76
300a9deb0df8,75
7b0a940052f0,74
66b0aa0,74
7fffc163bee0,74
73661d8,73
7309f00013d0,72
7d621e61ac80,72
7ffc76742900,67
300a7bfa0110,62
300a77e1d228,61
300a7fafa518,61
61561c8,61
7141c60,60
1a70a74,60
76a81de1ac80,56
793cbf57b8f8,56
6d02eb8,55
74eae921ac80,53
5e1e258,52
7365c48,52
74aa568,51
7ffd7d8ec8e0,51
631fec8,50
6094ab0,49
a44be8,49
7ffc76742980,47
300a7faf85e0,46
300a7faf8700,42
c0000ae948,42
793cbf3788f8,41
64b7268,41
6775268,41
79375c349954,40
79e72341ac80,39
300a7f91f310,37
300a7f91f170,37
65d6b10,37
300a7f982880,37
c0000ae548,36
300a78342028,36
6493e38,36
300a7f982a20,36
300a7f9838c0,36
729d53e1ac80,35
300a7f983720,35
300a7f9ca470,35
300a7faf97e0,35
300a7f9ca540,35
300a7fafa488,34
300a7f91fcd0,34
300a7f91fb30,34
300a7faf9a20,33
300a7f91f3e0,33
300a7f91efd0,33
662b7c0,33
6140268,33
300a7f9ca3a0,33
60d9c50,32
300a7fafa3b0,32
300a7fafa1b8,32
6738088,32
300a7faf8e08,32
300a7fafa560,31
6b5a588,31
300a7faf9798,31
73daa98,31
300a7faf89d0,31
7fffc163b070,31
300a7f9ca200,31
7fffc163bf60,31
300a7faf9b88,30
300a7f9834b0,30
c0000bed48,30
300a7f91f650,30
300a7fafa128,30
65439e8,30
300a7faf91f8,29
300a7faf99d8,29
300a7faf9288,29
300a7faf8b38,29
300a7faf9438,29
300a7f982af0,29
793cc4dff8f8,29
300a7fafa008,29
300a7f91f580,29
300a7fafa368,28
300a7faf9678,28
6325b78,28
662bd08,28
300a7f983580,28
300a7f91f240,28
669ba58,28
7734a68,27
300a7f91fda0,27
300a7faf9630,27
300a7f983990,27
57a1aa0,27
300a7f983650,27
300a7faf9bd0,27
300a7faf9318,26
583fffdfb2f8,26
60d43d8,26
73210b8,25
300a7faf8c10,25
300a7faf8ce8,25
579b700,25
300a7faf9168,25
300a7f982c90,25
300a7f91fc00,25
77567f79c9b4,24
300a7f91fa60,24
7cc0e08,24
300a7faf8dc0,24
300a776ecb98,23
6e836f8,23
300a7f91f0a0,23
300a7fafa0e0,23
300a7f982bc0,22
300a7fafa758,22
5f8f26fb7d60,22
300a7fafa170,22
73af228,21
300a7f982950,21
595f7501a7c8,21
79375c119934,21
615a128,21
300a7fafa830,20
73edab8,19
6103298,19
762dc38,19
70cab10,19
6121d88,19
7613cb8,19
300a7f91f4b0,19
300a7f9ca2d0,19
63c4463615b8,18
6df6ab0,18
7ffe1bdba5d4,18
75fb23534628,18
300a7f9837f0,18
595f749b1208,18
300a7bfa0190,18
5840011bb9e8,17
676fd08,17
624d2464d678,17
615cae8,17
6e3f8e0,17
77def48,17
579c1d8,16
7326980,16
736baa0,16
7ffd7d8ec960,16
761f7f90a914,16
595f744d5b90,16
757b19238128,15
667a828,15
761f7f4fe914,15
595f74a6a498,15
7ffd7d8ec920,15
61af5e8,15
73ebe58,15
7541409498f8,14
73e7bc8,14
5f8f26fb81a8,14
761f7efee914,14
c0000be948,14
7fffc163f120,14
761f7f601914,14
761f7e7d6914,14
7c62b48,14
7ffc767419d0,14
671c118,14
595f79bf7268,14
75fb23534688,14
6abbaa0,13
300a78aa1228,13
761f7e6d3914,13
583fffe51668,13
61ef64104730,13
79a57d8c6c80,13
761f7e8d9914,13
761f7dcb5914,13
7ddf3c41ac80,13
761f7e3ca914,13
73ebf78,13
6b07b88,13
583fff0ddaa0,13
761f7ece5914,13
7ed7eca54210,12
761f7f807914,12
7ffd7d8ed610,12
7075328,12
761f7ddb8914,12
761f7dbb2914,12
761f7e5d0914,12
5a2f628,12
761f7f3fb914,12
584004d727b8,12
761f7eadf914,12
6e362c0,12
75fb235342a0,12
588af61e2978,12
761f7ebe2914,12
583ffecab898,12
761f7debb914,12
595f740a0bc8,11
761f7e1c4914,11
6347378,11
583ffee45498,11
7ffc76741670,11
59d9b40,11
6121cb8,11
71627a8,11
73d1c78,11
595f79b512f8,11
761f7f704914,11
761f7f2f7914,11
677d0b8,11
7fffc163aff0,11
761f7daaf914,11
595f740a16c8,10
588af61e2a58,10
761f7e4cd914,10
7ffc76741a90,10
583ffecaa138,10
761f7e9dc914,10
595f7483b7f8,10
761f7dfbe914,10
7ffd7d8ec940,10
60dd8e0,10
7256718,10
7f6ce78,10
761f7f1f4914,10
6673318,10
757b19238110,10
761f7e0c1914,10
761f7f0f1914,10
721bdd8,10
595f740a1c48,10
c000901948,10
62bdfe0,9
761f7ede8914,9
595f740a1988,9
300a7f8ee388,9
86b668,9
6c06598,9
72218a8,9
6424ef8,9
855c808,9
6121b98,9
583ffecab5d8,8
595f744b5c1c,8
6b0baf8,8
7541435db8f8,8
583ffecab1b8,8
73c4d88,8
64ba698,8
761f7eeeb914,8
583ffecaa978,8
6e312d8,8
595f740a1828,8
595f740a0648,8
595f740a00c8,8
c000101548,8
7ffd7d8ec890,8
c0000c0948,8
595f740a1408,8
583fffe3a478,8
583ffecab738,8
7ffcdf13f490,8
73bdff8,8
6e85e78,8
7ffd7d8ec8a0,8
c000b00948,8
670f730,8
c00009c948,8
c000560948,8
761f7e2c7914,7
79e6ec000030,7
6e8dca8,7
583ffecac398,7
583ffecab478,7
583ffecac564,7
583ffeca9fd8,7
66c80f0,7
583ffecaa3f8,7
7224a88,7
583ffecabf78,7
57d2a348d678,7
595f740a1148,7
75fb234ecb84,7
7f91748,7
754144ab6fa8,7
7ffc76741f80,7
595f7409f888,7
7ffcfaed47f0,7
5c68a56ad148,7
7125168,7
75413dcbb8f8,7
6b3f830,7
c000100948,7
583ffecaa818,7
595f740a1ae8,7
6268aa0,7
6c63818,7
6bfbb58,6
c000a80948,6
595f740a0388,6
595f79b86788,6
719cc50,6
667c128,6
761f7fa0d914,6
61033f8,6
595f7409f728,6
7698e98,6
75413dab88f8,6
595f740a07a8,6
7fffc163a460,6
583ffecaa298,6
595f740a0908,6
67692d8,6
57d2a348d758,6
741c668,6
7e308a8,6
595f740a0d28,6
595f7409fca8,6
7ffc7673f200,6
c000900d48,6
583ffecaad98,6
c00009c548,6
c000561148,6
583ffecaaef8,6
595f7409f9e8,6
5e1f078,6
6f28df8,6
781ff68,6
7ffc76741ee0,6
595f7409f5c8,5
75283a8,5
71259b0,5
583ffecac238,5
6705700,5
c000a80148,5
71a08e0,5
75eefe8,5
c000700148,5
72844e8,5
583fffdb94d8,5
7196900,5
6631168,5
8a0d008,5
c000324148,5
6c1b158,5
7ffc76741d50,5
300a7f8ee788,5
583ffeca9a58,5
300a778ae028,5
595f7409f468,5
6e3b2a8,5
5eec830,5
595f740a0228,5
583ffecabcb8,5
7ee2a78,5
57d2a34a4d40,5
7ffc80710a90,5
595f760b3a08,5
61bd4d8,5
595f740a1568,5
7559028,5
7ffd7d8ec8c0,5
713c8f8,5
595f740a04e8,5
743cf06ecb84,5
583fff7bf7a8,5
6e34458,5
6347258,5
583ffecabb58,5
7502268,5
726e1f8,5
61bd4e0,5
c000600148,5
5e1eeb8,5
300a7f8958a8,4
6ac3ec8,4
6ac4248,4
c000b00148,4
595f7409ff68,4
6309268,4
74f9b68ecb84,4
72364f8,4
583ffecaac38,4
736f730,4
5b983c0be5e8,4
6795788,4
c000580948,4
583ffecaaad8,4
575c980,4
613d7b8,4
7ffd9ab31fd0,4
c00037b148,4
5ff0168,4
583ffecabe18,4
7c47fa0ecb84,4
c0002b1148,4
595f740a0fe8,4
61e19a0,4
73e6c58,4
668e028,4
300a7f8ee888,4
595f79ac6de8,4
58400193ca08,4
583ffecac0d8,4
583ffecaa6b8,4
595f799d7d08,4
583ffeca9bb8,4
c000b00d48,4
6b34a58,4
61b4838,4
73e67b8,4
c000600d48,4
73d0b48,4
75413dec18f8,4
583ffeca9e78,4
595f7409fe08,4
726e448,4
6e35900,4
583ffecaa558,4
595f740a12a8,4
7419978,4
6ef5e98,4
72b0abeecb84,4
583ffecab9f8,4
6e8fe48,4
6d49e78,4
5a8ec48,4
583ffecab058,4
595f740a0a68,4
7421748,4
595f75aa9728,4
583fffa2ee18,4
c000580d48,3
300a57c2ecc8,3
6eed558,3
595f744b5c18,3
5a8eed8,3
300a5fe4dc38,3
6e36410,3
74e7bd8,3
5905758,3
61cdc58,3
7cd69de1ac80,3
afb9c8,3
5e57eef5c7f8,3
6162a38,3
595f740a0e88,3
300a7f8ee808,3
300a49091778,3
6bf2948,3
575e0f0,3
73ccdc8,3
7756818af020,3
300a43872b98,3
7ed7ec8b6fa8,3
c000101148,3
300a598eb9d8,3
7ffc76740db0,3
6f41c98,3
6e86008,3
6b0ba18,3
7fffc163a620,3
14f7c34,3
5905708,3
5faf678,3
7ffc80710b10,3
7ffd0e5ee8f0,3
761f7fbc6020,3
66b4e38,3
7ffeebf6faf0,3
6bba0c8,3
61c0218,3
583ffecab318,3
300a7f9db648,3
c000561548,3
7ffc76742000,3
300a5cf93648,3
57d2a348c148,3
595f7409fb48,3
6b6a898,3
595f7409f308,3
60d41c8,3
7fffc1640550,3
747f541ff8f8,3
624d2464d758,3
6673438,3
79e6f4000030,3
5f8f26fb97d0,3
c000601548,3
7e3f848,3
300a5f505188,3
300a777e0df8,3
7ef2898,3
c00037a148,3
624d2464c148,3
6f22be8,3
300a4a291b28,3
62bf987bd7f8,3
761f7d89f424,3
62c30f8,3
c000601148,3
6efd4c8,3
802d2f8,3
c00037b548,3
73cfe18,3
68f4598,3
79375e3ab904,3
66b3288,3
583ffeca9d18,3
62c3940,2
7f72c98,2
6e3bc50,2
300abeb72938,2
c000580148,2
5def2d8,2
c000700948,2
300a5fe4ccc8,2
300a7f620b48,2
579bfc8,2
6b94fb8,2
1a73e34,2
7fe1848,2
6bfc5e8,2
7ffc98cb9ea0,2
c000101d48,2
61390a8,2
7ffc98cb9e20,2
c0006c1d48,2
70fb768,2
5fcfd80,2
5f53678,2
300abeb73518,2
7d80b98,2
c000100d48,2
300a598ea348,2
300abbcee5a8,2
7fffc163b190,2
7ffcff68c0c0,2
300a776aaa68,2
67060c0,2
669c8c8,2
7ffeebf740e0,2
75f2845f23b8,2
c000700d48,2
75fb235346b8,2
300a4a1285a8,2
6635640,2
300a57c2e5a8,2
300a77686478,2
5e1f358,2
300abeb72478,2
300a777e0a68,2
6bf4f68,2
583ffeca98f8,2
300a598eb188,2
782484fb3110,2
300a5f505518,2
300a5f5052b8,2
300a776872b8,2
740d9b8,2
75fb23535478,2
300a5cf92b98,2
c000641148,2
300a57c2e0e8,2
300a438725a8,2
300a777e1058,2
588af61e2a70,2
7eded28,2
65ec910,2
5920303f40b8,2
300a5cf933e8,2
718ecb8,2
79e6e8000030,2
300a5cf93d68,2
300a5fe4cf28,2
300a9deb0478,2
300a49ae80e8,2
7f73748,2
300a49ae92b8,2
300a598eacc8,2
300a49090df8,2
5e1e998,2
300a9deb19d8,2
300a49091d68,2
7ffce2bb72e0,2
73182f0,2
300a7f620aa8,2
75413d15c8f8,2
7fffc163f0a0,2
300a4a128df8,2
6e361c8,2
5b92ba9097f8,2
300a598ea938,2
583ffebce168,2
300a776ab8a8,2
300a7fafb0b8,2
6096220,2
300a4a128478,2
6ea6d68,2
300a776ed518,2
300a4932a478,2
6140098,2
300a5fe4c5a8,2
300a57c2f2b8,2
61deba8,2
583fffc85598,2
79375d786904,2
19ddaf4,2
300a43872808,2
7fff99cfb280,2
300a490912b8,2
6717e98,2
6eb42d8,2
5e25638,2
61c1e58,2
300a77687188,2
300a7f8ee208,2
74f9b6935478,2
5b92308,2
300a49ae9d68,2
5f8f26fb96d8,2
300a57c2e478,2
c000100548,2
6b94a28,2
300a598ea6d8,2
300a5cf93058,2
300a5fe4cdf8,2
c0006c1548,2
300a43873d68,2
300a776ab058,2
300a777e18a8,2
751fda8,2
743cf0735478,2
7fff99cfba60,2
57a10f8,2
300a5fe4c808,2
74eab40061f8,2
300a57c2e218,2
300a5cf93518,2
300a7f620a58,2
670baa0,2
595f7409f1a8,2
7ffe2bb23ee0,2
6b627d8,2
a461f8,2
300a9deb1b08,2
300abeb739d8,2
5d96309aa7f8,2
300abeb72cc8,2
7ffc76746f70,2
300a5cf920e8,2
c000641948,2
7ffc76745dd0,2
79375d47d904,2
697d708,2
75f2844a88f8,2
7ffcff68c880,2
5acac18,2
79375dd98904,2
300abbcef518,2
300abeb72808,2
300a72ac7e98,2
300a5fe4d188,2
7d02db8,2
300a49090f28,2
75f27e06a3c8,2
300a7f9db058,2
300a490900e8,2
5b983c0be9c0,2
778b868,2
7ed7eb3ff8f8,2
c000098948,2
300a49ae8a68,1
300a598eaa68,1
730a03a13128,1
300a777e1648,1
75fb221fbb60,1
300a9deb1778,1
300abbceea68,1
588af61e2a48,1
300a57c2ef28,1
79375df9e354,1
300a57c2e938,1
300a490905a8,1
300abbcee938,1
7ffce2bb5980,1
5ae7c1b13560,1
300a776ab2b8,1
300a776ec5a8,1
300a9deb0808,1
66c6980,1
300a77650218,1
300a5f505778,1
588af61fa040,1
300a77651b08,1
66b0ad8,1
7063238,1
5f8f26fd0da0,1
300a72ac6808,1
300a57c2e348,1
7ed7eabf38f8,1
6df82c0,1
300a777e1e98,1
300a4a129778,1
300a9deb0348,1
6ff0ec8,1
300a77686938,1
7478f28,1
300a72ac66d8,1
300a5cf92f28,1
300a598eb3e8,1
300a5f504cc8,1
300a5f5053e8,1
7fffc163b210,1
60e2568,1
7ffeebf6fa70,1
300a7f8c85a8,1
6e78f98,1
300a57c2f8a8,1
6918538,1
7541431cf8f8,1
79375df9e394,1
7d80c68,1
300a77650938,1
7ed7e52e98f8,1
7ffd7d8f10c0,1
75413d3628f8,1
6c24598,1
6fac3b8,1
7ffeebf703f0,1
300a7f99ea68,1
761f7d8a9c24,1
300a7f99edf8,1
300a77651778,1
300a5cf926d8,1
7ffe2bb201f0,1
7fffc163a4e0,1
7267c28,1
300a776abb08,1
300a777e1c38,1
60d42f8,1
300a777e13e8,1
300a7f9b86d8,1
300a7f8c8938,1
6e364b8,1
300abbcefe98,1
5fa9e6a91068,1
300a77687e98,1
70c20bab6fa8,1
7fff99cff280,1
7b0aaa9ad110,1
300a776ed3e8,1
300a9deb13e8,1
7ffcff68fee0,1
7fffc163a930,1
6367568,1
300a4a128348,1
300abeb73778,1
300abeb73188,1
300a7f9b98a8,1
83fa3b8,1
73d4a08,1
300abeb73d68,1
6df8220,1
7ffcfaed7e20,1
697a1a8,1
6b5d3b8,1
63c4463670e0,1
300a776aacc8,1
79a57db386f0,1
624d2464d770,1
300a57c2fc38,1
300a5f504df8,1
64b4f48,1
300a490918a8,1
300a5fe4c348,1
300a5f505d68,1
79e6f8000030,1
7246dd8,1
7365c70,1
6e44568,1
6833b10,1
6754068,1
7537228,1
300a72ac6df8,1
74eab0000030,1
60d42c0,1
300a72ac65a8,1
70e0910,1
300a43873b08,1
300a4a1299d8,1
719c2a8,1
300a776aa938,1
300a7f99e348,1
6e362f8,1
300a7f8eeed0,1
300abeb732b8,1
300abbcefd68,1
300a57c2fb08,1
5cfb9a8,1
6b60c88,1
73280f0,1
71972c0,1
300a49091188,1
300a57c2f518,1
300a77650b98,1
6bf6ef8,1
300a5cf93b08,1
300a777e0478,1
7e47af8,1
300a776ab3e8,1
300abeb72348,1
300a776505a8,1
300abbceef28,1
5d96309ade30,1
5c68a56ae758,1
7ffc76741950,1
300a4a1298a8,1
77567f566df4,1
300a72ac6218,1
300a598eab98,1
300a438733e8,1
300a7f9db188,1
300abeb725a8,1
300a49090938,1
300abeb72b98,1
6bdef98,1
300a598eb778,1
7197410,1
6efa538,1
300a7f99e218,1
300a49090478,1
5f3faba2bb20,1
300abbcef8a8,1
300a77650478,1
757b18e1ac80,1
300a49ae8478,1
300a43873188,1
300a5cf925a8,1
300a598ea808,1
300a77651c38,1
300a9deb18a8,1
75f27e243158,1
300a776ec938,1
300a776ec0e8,1
300a5cf92938,1
300a776abe98,1
79375d174904,1
300a598eadf8,1
c000600948,1
300a49ae8b98,1
6bb5258,1
7ffd7d8ec5b0,1
61782b8,1
300a777e06d8,1
300a57c2f648,1
6318218,1
75fb21ff7b60,1
5acabc8,1
57aa340,1
728c218,1
79375df9e434,1
300a5f5046d8,1
300a49091058,1
300a598eaf28,1
300a776866d8,1
6be81f8,1
300a57c2f188,1
300a5fe4c218,1
300a43873c38,1
7374340,1
7ffc76740e68,1
7ffd7d8f0a70,1
57a5730,1
300a776abc38,1
300a49090cc8,1
670b0f8,1
747f4e3728f8,1
300abbcee0e8,1
5fa9e6a83870,1
7ffce2bb2c70,1
6e35e70,1
7ffce43a8280,1
79375e56a38c,1
71971c8,1
79375ce6b904,1
7c47f97ffb60,1
79375de9b904,1
300a40a340e8,1
300a5f504808,1
300a776519d8,1
7ffc80713e00,1
300abeb738a8,1
7ed7eaff98f8,1
300a4a129648,1
300a77686b98,1
300a49ae85a8,1
662c1b8,1
300a5f504f28,1
300a4932ab98,1
300a598ebe98,1
7ffc80713ca0,1
300a4a1280e8,1
6e34338,1
300a5f5040e8,1
300abbcef9d8,1
5c13790,1
7ffc76741dd0,1
300a43872cc8,1
7ffc76741b60,1
300abbcef648,1
300abbcefb08,1
300abeb72218,1
68b5d08,1
300a776ab518,1
300abeb73c38,1
300a776ed188,1
300a776ec6d8,1
300a5fe4d3e8,1
7fffc163a9b0,1
300a4a1293e8,1
300a5f5045a8,1
300a490906d8,1
7ffc98cbd680,1
717cc28,1
79375c755904,1
300a49091b08,1
5c526c7d7a90,1
688e168,1
65ee120,1
300a776ed778,1
300a49091c38,1
300a7f8ecf28,1
300a776aadf8,1
7c47f8fffb60,1
743cef3fbb60,1
57d2a348d770,1
300a9deb0b98,1
300a598eb8a8,1
77567d51b3e4,1
7541b98,1
300a4a129188,1
6f190e8,1
300a49091e98,1
300a72ac7648,1
300a598ea5a8,1
75fb23534868,1
72dd898,1
5e25848,1
300a43872478,1
300a72ac60e8,1
743cefdffb60,1
6df8fa0,1
300a4a1292b8,1
73ecb28,1
728dbb8,1
300a776ab778,1
636c8a8,1
300a776aa0e8,1
7ed7eb1fc8f8,1
7eed608,1
7ffd7d8ec6c0,1
6ea6f28,1
300abbcef2b8,1
75413d6ac8f8,1
300a43872218,1
300a49091518,1
300a43873648,1
300a438738a8,1
300a40a34df8,1
300a7fb14f28,1
300a438726d8,1
75f2845744d8,1
300abbcee6d8,1
71d9b78,1
6a0f4a8,1
300a43873778,1
300a776513e8,1
300a777e05a8,1
7ffc807100c0,1
300a5cf92348,1
300a9deb1c38,1
300a490919d8,1
6e9b038,1
7c4cd28,1
7328e70,1
c000640148,1
77567d51b3f4,1
300abeb72a68,1
300a5f504478,1
6c0dbf8,1
300a77650cc8,1
300a49090808,1
300abeb733e8,1
7ed7e5b7b8f8,1
67060f8,1
300abbceecc8,1
7310bd8,1
73aba08,1
70850a8,1
300a49ae98a8,1
79375df9e2b4,1
73b5208,1
7ffc80713b10,1
300a9deb06d8,1
300a5fe4dd68,1
300a5f504a68,1
300a57c2e6d8,1
7fff99cff2c0,1
75fb23534820,1
300abeb72df8,1
300a598eb518,1
74795e8,1
6be70a8,1
7c47fa135478,1
300a5fe4c0e8,1
300a57c2eb98,1
300a5f505e98,1
6706210,1
7ffc80710110,1
300a43873e98,1
300a72ac7778,1
300a40a34348,1
300a49090b98,1
7196e70,1
300a9deb05a8,1
300a57c2e808,1
300abbceedf8,1
75fb22bffb60,1
300a5cf92218,1
300a5f504348,1
7fffc163e9c0,1
6cdaee8,1
300a438732b8,1
60d3900,1
624d24664d40,1
5d06ea8,1
67c5128,1
300a77651058,1
7ffc98cb91a0,1
300a5cf92df8,1
6f180f8,1
782484fb3128,1
300a777e19d8,1
595f73fc3168,1
7812e48,1
79375d580904,1
79375c016704,1
300abeb73b08,1
60d4410,1
300abeb72f28,1
54ef448,1
c000780148,1
300a5cf93188,1
300a5fe4d648,1
300a49090348,1
300a776ab648,1
7efea58,1
300a5fe4ca68,1
6efbf08,1
79375df9e904,1
